{
  "fx": 544.47329,
  "fy": 544.47329,
  "cx": 320,
  "cy": 240,
  "s": 0,
  "rows": 480,
  "cols": 640,

  "z_near": 0.05,
  "z_far": 5.0
}
